{
  "ttest_t": 1.9585032219317404,
  "ttest_p": 0.038004086682148636,
  "kruskal_H": 2.9511149713177263,
  "kruskal_p": 0.7075224413098797,
  "spearman_rho": 0.16613688658177092,
  "spearman_p": 0.16308814167328872,
  "mean_gain": 0.18333333333333343,
  "std_gain": 0.3242707435947855
}